{
  "kind": "terminal-reachability-sequence-logistic-v1",
  "global_terminal_case_rate": 0.1679930039352864,
  "max_len": 16,
  "dim": 12,
  "token_to_id": {
    "0|0|1|10": 0,
    "0|0|1|12": 1,
    "0|0|1|13": 2,
    "0|0|1|14": 3,
    "0|0|1|7": 4,
    "0|0|1|8": 5,
    "0|0|1|9": 6,
    "1|22|0|": 7,
    "1|22|1|3": 8,
    "1|3|1|3": 9,
    "1|4|1|3": 10,
    "1|7|1|3": 11,
    "1|7|3|3.3.3": 12,
    "1|8|2|3.3": 13,
    "1|8|3|3.3.3": 14,
    "4|30|1|6": 15,
    "5|34|2|15.15": 16,
    "5|34|3|15.15.15": 17
  },
  "embedding": [
    [
      0.75648575,
      0.15948195,
      -0.09580486,
      -0.07321234,
      0.3682466,
      0.11620502,
      -0.40785573,
      0.47981391,
      -0.06195519,
      0.0810438,
      0.67223725,
      0.34093592
    ],
    [
      0.35671377,
      0.05385792,
      -0.08298143,
      0.0164342,
      0.17708519,
      0.04124131,
      -0.2468513,
      0.22538419,
      -0.03827405,
      0.02483977,
      0.41492949,
      0.22226944
    ],
    [
      -0.61919431,
      -0.17261423,
      0.06980834,
      -0.00606516,
      -0.2083944,
      -0.04689685,
      0.34694994,
      -0.34567939,
      0.04165566,
      0.04400634,
      -0.41079293,
      -0.17764033
    ],
    [
      -0.24654568,
      -0.11896964,
      0.04360689,
      0.01412107,
      -0.15691455,
      -0.06201253,
      0.11123277,
      -0.17642961,
      0.02088984,
      -0.01494861,
      -0.18780536,
      -0.11839383
    ],
    [
      -0.0885376,
      -0.00278641,
      0.03548246,
      0.0039815,
      -0.03479957,
      -0.00696471,
      0.08207524,
      -0.08456769,
      0.04808214,
      -0.03918255,
      -0.13917972,
      -0.05280023
    ],
    [
      0.15690104,
      0.03101581,
      -0.06547747,
      -0.0398444,
      0.06938266,
      0.0050735,
      -0.07216154,
      0.14037508,
      -0.09484209,
      0.01544235,
      0.20543751,
      0.05264276
    ],
    [
      -0.67847441,
      -0.07535905,
      0.10862179,
      0.06173643,
      -0.30067708,
      -0.13734548,
      0.31636398,
      -0.39985901,
      0.10407417,
      -0.05968689,
      -0.64710046,
      -0.32098058
    ],
    [
      -0.23288841,
      -0.01105966,
      0.01141962,
      0.01092099,
      -0.1013625,
      -0.01699377,
      0.19012624,
      -0.15436204,
      0.02520674,
      -0.03885351,
      -0.19120971,
      -0.2331702
    ],
    [
      -0.39769127,
      -0.06182782,
      -0.01077952,
      0.03107097,
      -0.20656202,
      -0.01426251,
      0.20167968,
      -0.20303177,
      0.10269083,
      -0.01702073,
      -0.38677759,
      -0.24851693
    ],
    [
      0.47491886,
      0.05696128,
      -0.09175526,
      0.00595854,
      0.15927424,
      0.08714962,
      -0.19519343,
      0.23782467,
      -0.07586154,
      0.05877369,
      0.30640392,
      0.19349648
    ],
    [
      -0.10062281,
      -0.10418449,
      -0.09634449,
      0.03874965,
      0.04796671,
      -0.07708467,
      0.03287612,
      -0.07745432,
      -0.02438886,
      -0.04253349,
      -0.17253116,
      -0.05267591
    ],
    [
      -0.06055555,
      -0.00371847,
      0.00122636,
      -0.01301644,
      -0.04254586,
      -0.03382282,
      0.01618562,
      -0.05640367,
      -0.04009824,
      0.0404883,
      -0.03604962,
      -0.02330897
    ],
    [
      -0.86483881,
      -0.16331097,
      0.1247075,
      0.05660011,
      -0.38404256,
      -0.18980735,
      0.51700749,
      -0.56764399,
      0.03906461,
      -0.12961571,
      -0.80232417,
      -0.31463975
    ],
    [
      0.23307448,
      0.05311368,
      -0.14767993,
      -0.00561781,
      0.17074447,
      0.03246848,
      -0.18679007,
      0.19025066,
      0.00263394,
      0.05655778,
      0.35318294,
      0.13888902
    ],
    [
      0.41342877,
      0.06355441,
      -0.07184729,
      -0.00631208,
      0.19454397,
      0.07480814,
      -0.31617708,
      0.31092604,
      -0.07368732,
      -0.01961572,
      0.42208839,
      0.25869812
    ],
    [
      0.30131301,
      0.05390362,
      -0.08600044,
      0.14082021,
      0.16389762,
      -0.02676587,
      -0.17610325,
      0.17222071,
      -0.10462936,
      0.03465305,
      0.23171915,
      0.17296641
    ],
    [
      1.12193191,
      0.03319267,
      -0.16092421,
      -0.1262195,
      0.53648093,
      0.17023487,
      -0.54887416,
      0.59578358,
      -0.01500761,
      0.20593317,
      0.8915222,
      0.49717068
    ],
    [
      0.13826368,
      0.02555668,
      -0.08927218,
      0.08587638,
      0.02869356,
      0.0112955,
      -0.06741719,
      0.07158575,
      -0.02863396,
      -0.01110777,
      0.14479802,
      0.01823582
    ]
  ],
  "head": [
    -0.83151141,
    -0.11450043,
    0.12547252,
    0.04741689,
    -0.37801019,
    -0.13332984,
    0.45140503,
    -0.49825577,
    0.06800817,
    -0.09485265,
    -0.73197694,
    -0.37614767,
    0.57031074
  ],
  "bias": -2.07401728,
  "train": {
    "loss": 0.3936001745377838,
    "auc": 0.6988256205167269
  }
}