{
  "kind": "terminal-reachability-sequence-logistic-v2",
  "global_terminal_case_rate": 0.1679930039352864,
  "max_len": 16,
  "dim": 12,
  "token_to_id": {
    "0|0|1|10": 0,
    "0|0|1|12": 1,
    "0|0|1|13": 2,
    "0|0|1|14": 3,
    "0|0|1|7": 4,
    "0|0|1|8": 5,
    "0|0|1|9": 6,
    "1|22|0|": 7,
    "1|22|1|3": 8,
    "1|3|1|3": 9,
    "1|4|1|3": 10,
    "1|7|1|3": 11,
    "1|7|3|3.3.3": 12,
    "1|8|2|3.3": 13,
    "1|8|3|3.3.3": 14,
    "4|30|1|6": 15,
    "5|34|2|15.15": 16,
    "5|34|3|15.15.15": 17
  },
  "embedding": [
    [
      0.23464626,
      0.42292433,
      0.52028899,
      -0.29472825,
      0.65194847,
      0.45877602,
      -0.18722447,
      0.21321994,
      -0.64055533,
      0.13769354,
      -0.04497354,
      0.52342531
    ],
    [
      0.07016546,
      0.16932064,
      0.20676623,
      -0.0815318,
      0.2852638,
      0.1907724,
      -0.12128896,
      0.07900158,
      -0.3021641,
      0.04490381,
      0.0446273,
      0.28460069
    ],
    [
      -0.3108693,
      -0.41621942,
      -0.40888357,
      0.1747194,
      -0.49368954,
      -0.35281948,
      0.2309117,
      -0.21255702,
      0.53754511,
      -0.01182521,
      0.06196188,
      -0.37681454
    ],
    [
      -0.12335026,
      -0.2358053,
      -0.17435145,
      0.0981107,
      -0.29745457,
      -0.20578637,
      0.07031367,
      -0.13034264,
      0.25316357,
      -0.04269555,
      0.01429617,
      -0.22017812
    ],
    [
      0.01255106,
      -0.05406537,
      -0.01739126,
      0.02698472,
      -0.0514142,
      -0.07071917,
      0.03903353,
      -0.05175354,
      0.11673183,
      -0.04590572,
      -0.05582334,
      -0.04286217
    ],
    [
      0.07299792,
      0.11578075,
      0.12382748,
      -0.11392891,
      0.19230356,
      0.11304846,
      -0.04340546,
      0.09326133,
      -0.27878776,
      0.0374564,
      0.03708052,
      0.14847723
    ],
    [
      -0.24102882,
      -0.34914648,
      -0.45724103,
      0.27273533,
      -0.59802606,
      -0.48677017,
      0.13894641,
      -0.19506577,
      0.66865712,
      -0.12154288,
      -0.03371042,
      -0.51594273
    ],
    [
      -0.05232686,
      -0.11759195,
      -0.22035726,
      0.09435977,
      -0.21806643,
      -0.15151268,
      0.11841222,
      -0.0719347,
      0.25326087,
      -0.06185272,
      0.06501093,
      -0.31208039
    ],
    [
      -0.15883254,
      -0.23566179,
      -0.37008995,
      0.16451679,
      -0.41043716,
      -0.23140664,
      0.11307018,
      -0.09918339,
      0.46565022,
      -0.05671378,
      -0.02153331,
      -0.39326375
    ],
    [
      0.2240722,
      0.24355747,
      0.29753749,
      -0.14211415,
      0.38508736,
      0.3239286,
      -0.09833268,
      0.11673199,
      -0.46299965,
      0.10415742,
      -0.08365658,
      0.35254501
    ],
    [
      -0.00956791,
      -0.20736757,
      -0.29113742,
      0.11526564,
      -0.08448727,
      -0.20410042,
      0.00694431,
      -0.04610764,
      0.18251907,
      -0.06889111,
      -0.00506495,
      -0.15273
    ],
    [
      -0.03410237,
      -0.04879579,
      -0.04419592,
      0.00875214,
      -0.08357252,
      -0.08970513,
      0.01239454,
      -0.06296732,
      0.0284776,
      0.03238174,
      -0.00424572,
      -0.04854882
    ],
    [
      -0.27686196,
      -0.49368731,
      -0.61258937,
      0.31938007,
      -0.74302389,
      -0.60730592,
      0.28075918,
      -0.29383438,
      0.75503379,
      -0.19852606,
      0.02586685,
      -0.55559216
    ],
    [
      0.05732603,
      0.1851684,
      0.12754017,
      -0.10707409,
      0.32930717,
      0.19633658,
      -0.12047177,
      0.11090484,
      -0.27518071,
      0.08632003,
      0.07668186,
      0.25286001
    ],
    [
      0.11087949,
      0.20960355,
      0.27718862,
      -0.12749182,
      0.34840602,
      0.26207174,
      -0.18957108,
      0.16229266,
      -0.4018931,
      0.00991996,
      0.00911229,
      0.35847895
    ],
    [
      0.10030027,
      0.16029509,
      0.15721395,
      0.05138833,
      0.28018006,
      0.11227985,
      -0.08995705,
      0.06614075,
      -0.33287575,
      0.05829621,
      -0.04602808,
      0.24670759
    ],
    [
      0.39502418,
      0.40306905,
      0.69386355,
      -0.42613717,
      0.9237716,
      0.64006012,
      -0.25042108,
      0.24999295,
      -0.83015802,
      0.28002108,
      -0.10596494,
      0.75015521
    ],
    [
      0.00078561,
      0.05270287,
      0.00652724,
      0.05868563,
      0.03864743,
      0.04859575,
      -0.00248729,
      -0.00234245,
      -0.10428428,
      -0.01012269,
      -0.01211286,
      0.01471605
    ]
  ],